Provincia,Año,Poblacion,TCAM
Total del país,1960,20013793,
Ciudad Autónoma de Buenos Aires,1960,2966634,
Buenos Aires,1960,6766108,
Catamarca,1960,168231,
Chaco,1960,543331,
Chubut,1960,142412,
Córdoba,1960,1753840,
Corrientes,1960,533201,
Entre Ríos,1960,805357,
Formosa,1960,178526,
Jujuy,1960,241462,
La Pampa,1960,158746,
La Rioja,1960,128220,
Mendoza,1960,824036,
Misiones,1960,361440,
Neuquén,1960,109890,
Río Negro,1960,193292,
Salta,1960,412854,
San Juan,1960,352387,
San Luis,1960,174316,
Santa Cruz,1960,52908,
Santa Fe,1960,1884918,
Santiago del Estero,1960,476503,
"Tierra del Fuego, Antártida e Islas del Atlántico Sur",1960,11209,
Tucumán,1960,773972,
Total del país,1970,23364431,15.6
Ciudad Autónoma de Buenos Aires,1970,2972453,0.2
Buenos Aires,1970,8774529,26.3
Catamarca,1970,172323,2.4
Chaco,1970,566613,4.2
Chubut,1970,189920,29.2
Córdoba,1970,2060065,16.2
Corrientes,1970,564147,5.7
Entre Ríos,1970,811691,0.8
Formosa,1970,234075,27.5
Jujuy,1970,302436,22.8
La Pampa,1970,172029,8.1
La Rioja,1970,136237,6.1
Mendoza,1970,973075,16.8
Misiones,1970,443020,20.6
Neuquén,1970,154570,34.7
Río Negro,1970,262622,31.1
Salta,1970,509803,21.3
San Juan,1970,384284,8.7
San Luis,1970,183460,5.1
Santa Cruz,1970,84457,47.9
Santa Fe,1970,2135583,12.6
Santiago del Estero,1970,495419,3.9
"Tierra del Fuego, Antártida e Islas del Atlántico Sur",1970,15658,34
Tucumán,1970,765962,-1
Total del país,1980,27947446,18
Ciudad Autónoma de Buenos Aires,1980,2922829,-1.7
Buenos Aires,1980,10865408,21.5
Catamarca,1980,207717,18.7
Chaco,1980,701392,21.4
Chubut,1980,263116,32.9
Córdoba,1980,2407754,15.6
Corrientes,1980,661454,15.9
Entre Ríos,1980,908313,11.2
Formosa,1980,295887,23.6
Jujuy,1980,410008,30.7
La Pampa,1980,208260,19.2
La Rioja,1980,164217,18.7
Mendoza,1980,1196228,20.7
Misiones,1980,588977,28.7
Neuquén,1980,243850,46.4
Río Negro,1980,383354,38.3
Salta,1980,662870,26.4
San Juan,1980,465976,19.3
San Luis,1980,214416,15.6
Santa Cruz,1980,114941,31.1
Santa Fe,1980,2465546,14.4
Santiago del Estero,1980,594920,18.4
"Tierra del Fuego, Antártida e Islas del Atlántico Sur",1980,27358,57
Tucumán,1980,972655,24
Total del país,1991,32615528,14.7
Ciudad Autónoma de Buenos Aires,1991,2965403,1.4
Buenos Aires,1991,12594974,14.1
Catamarca,1991,264234,23
Chaco,1991,839677,17.2
Chubut,1991,357189,29.4
Córdoba,1991,2766683,13.2
Corrientes,1991,795594,17.6
Entre Ríos,1991,1020257,11.1
Formosa,1991,398413,28.6
Jujuy,1991,512329,21.3
La Pampa,1991,259996,21.2
La Rioja,1991,220729,28.4
Mendoza,1991,1412481,15.9
Misiones,1991,788915,28.1
Neuquén,1991,388833,45.2
Río Negro,1991,506772,26.8
Salta,1991,866153,25.6
San Juan,1991,528715,12
San Luis,1991,286458,27.8
Santa Cruz,1991,159839,31.7
Santa Fe,1991,2798422,12.1
Santiago del Estero,1991,671988,11.6
"Tierra del Fuego, Antártida e Islas del Atlántico Sur",1991,69369,92.1
Tucumán,1991,1142105,15.3
Total del país,2001,37282970,12.8
Ciudad Autónoma de Buenos Aires,2001,2995805,1
Buenos Aires,2001,14211087,11.6
Catamarca,2001,338168,23.8
Chaco,2001,995192,16.3
Chubut,2001,427404,17.2
Córdoba,2001,3154833,12.6
Corrientes,2001,942870,16.3
Entre Ríos,2001,1177747,13.8
Formosa,2001,492221,20.3
Jujuy,2001,619929,18.3
La Pampa,2001,307500,16.1
La Rioja,2001,297149,28.7
Mendoza,2001,1611091,12.6
Misiones,2001,973225,20.2
Neuquén,2001,489997,22.2
Río Negro,2001,575043,12.1
Salta,2001,1090600,22.2
San Juan,2001,630793,16.9
San Luis,2001,375865,26.2
Santa Cruz,2001,199381,21.3
Santa Fe,2001,3102849,9.9
Santiago del Estero,2001,812609,18.2
"Tierra del Fuego, Antártida e Islas del Atlántico Sur",2001,102498,37.8
Tucumán,2001,1359114,16.7
Total del país,2010,40930448,10.5
Ciudad Autónoma de Buenos Aires,2010,3038430,1.6
Buenos Aires,2010,15771581,11.7
Catamarca,2010,378977,12.8
Chaco,2010,1083740,9.6
Chubut,2010,515203,21.1
Córdoba,2010,3384649,7.9
Corrientes,2010,1021242,9
Entre Ríos,2010,1259903,7.6
Formosa,2010,553528,13.2
Jujuy,2010,685870,11.4
La Pampa,2010,328155,7.3
La Rioja,2010,343765,16.4
Mendoza,2010,1780854,11.3
Misiones,2010,1117121,15.5
Neuquén,2010,573881,17.8
Río Negro,2010,650511,13.9
Salta,2010,1243386,14.8
San Juan,2010,698476,11.5
San Luis,2010,445477,19.2
Santa Cruz,2010,276407,37.2
Santa Fe,2010,3269134,5.8
Santiago del Estero,2010,883684,9.4
"Tierra del Fuego, Antártida e Islas del Atlántico Sur",2010,132116,28.8
Tucumán,2010,1494358,10.7
Total del país,2022,45892285,9.6
Ciudad Autónoma de Buenos Aires,2022,3121707,2.3
Buenos Aires,2022,17523996,8.8
Catamarca,2022,429562,10.5
Chaco,2022,1129606,3.5
Chubut,2022,592621,11.7
Córdoba,2022,3840905,10.6
Corrientes,2022,1212696,14.4
Entre Ríos,2022,1425578,10.3
Formosa,2022,607419,7.8
Jujuy,2022,811611,14.1
La Pampa,2022,361859,8.2
La Rioja,2022,383865,9.2
Mendoza,2022,2043540,11.5
Misiones,2022,1278873,11.3
Neuquén,2022,710814,18.0
Río Negro,2022,750768,12.0
Salta,2022,1441351,12.4
San Juan,2022,822853,13.8
San Luis,2022,542069,16.5
Santa Cruz,2022,337226,16.7
Santa Fe,2022,3544908,6.8
Santiago del Estero,2022,1060906,15.3
"Tierra del Fuego, Antártida e Islas del Atlántico Sur",2022,185732,28.8
Tucumán,2022,1731820,12.4